{
    "recall": 0.8055555555555556, 
    "hyperparameters": {
        "batch_size": 50, 
        "hidden_sizes": [
            3, 
            2
        ], 
        "epochs": 809, 
        "reg_lambda": 0.026899585181638055, 
        "eta": 0.49679651929530644, 
        "reg_method": "l2", 
        "alpha": 0.8001645131488069
    }, 
    "f1_score": 0.8188235294117647, 
    "precision": 0.8325358851674641, 
    "accuracy": 0.8217592592592593
}