{
    "recall": 0.9473684210526315, 
    "hyperparameters": {
        "batch_size": 98, 
        "hidden_sizes": [
            60, 
            16
        ], 
        "epochs": 507, 
        "reg_lambda": 0.02894295615296707, 
        "eta": 1.4156463586392591, 
        "reg_method": "l2", 
        "alpha": 0.1
    }, 
    "f1_score": 0.972972972972973, 
    "precision": 1.0, 
    "accuracy": 0.9722222222222222
}