{
    "recall": 0.9342105263157895, 
    "hyperparameters": {
        "batch_size": 47, 
        "hidden_sizes": [
            3, 
            2
        ], 
        "epochs": 871, 
        "reg_lambda": 0.027570257153949562, 
        "eta": 0.36413641960034604, 
        "reg_method": "l2", 
        "alpha": 0.5701222807523915
    }, 
    "f1_score": 0.9659863945578232, 
    "precision": 1.0, 
    "accuracy": 0.9652777777777778
}