{"out":[ {"hyperparams": {"batch_size": 88, "hidden_sizes": [41, 12], "epochs": 564, "reg_lambda": 0.37282602008110627, "eta": 0.44769840822135387, "reg_method": "l2", "alpha": 0.1}, "errors": {"mse": {"std": 0.36862455317481974, "median": 7.075456626827345, "values": [7.091371995823507, 6.30156502841516, 7.075456626827345], "mean": 6.822797883688669}}},
